23efbfbdefbfbdefbfbd1134efbfbdefbfbdefbfbdefbfbd31efbfbd20efbfbd62efbfbd0fefbfbdefbfbd2f62efbfbdefbfbd54dab5efbfbd1317;1;3;30
23efbfbdefbfbdefbfbd1134efbfbdefbfbdefbfbdefbfbd31efbfbd20efbfbd62efbfbd0fefbfbdefbfbd2f62efbfbdefbfbd54dab5efbfbd1317;5;3;30
23efbfbdefbfbdefbfbd1134efbfbdefbfbdefbfbdefbfbd31efbfbd20efbfbd62efbfbd0fefbfbdefbfbd2f62efbfbdefbfbd54dab5efbfbd1317;3;3;30
23efbfbdefbfbdefbfbd1134efbfbdefbfbdefbfbdefbfbd31efbfbd20efbfbd62efbfbd0fefbfbdefbfbd2f62efbfbdefbfbd54dab5efbfbd1317;2;3;30
23efbfbdefbfbdefbfbd1134efbfbdefbfbdefbfbdefbfbd31efbfbd20efbfbd62efbfbd0fefbfbdefbfbd2f62efbfbdefbfbd54dab5efbfbd1317;4;3;30
23efbfbdefbfbdefbfbd1134efbfbdefbfbdefbfbdefbfbd31efbfbd20efbfbd62efbfbd0fefbfbdefbfbd2f62efbfbdefbfbd54dab5efbfbd1317;2;3;30
23efbfbdefbfbdefbfbd1134efbfbdefbfbdefbfbdefbfbd31efbfbd20efbfbd62efbfbd0fefbfbdefbfbd2f62efbfbdefbfbd54dab5efbfbd1317;4;3;30
23efbfbdefbfbdefbfbd1134efbfbdefbfbdefbfbdefbfbd31efbfbd20efbfbd62efbfbd0fefbfbdefbfbd2f62efbfbdefbfbd54dab5efbfbd1317;5;3;30
23efbfbdefbfbdefbfbd1134efbfbdefbfbdefbfbdefbfbd31efbfbd20efbfbd62efbfbd0fefbfbdefbfbd2f62efbfbdefbfbd54dab5efbfbd1317;3;3;30
23efbfbdefbfbdefbfbd1134efbfbdefbfbdefbfbdefbfbd31efbfbd20efbfbd62efbfbd0fefbfbdefbfbd2f62efbfbdefbfbd54dab5efbfbd1317;1;3;30
